month,trades,wins,losses,timeouts,net_r,win_rate
2025-06,18,5,13,0,-7.0,27.77777777777778
2025-07,10,6,4,0,3.1999999999999997,60.0
2025-08,10,5,5,0,0.9999999999999998,50.0
2025-09,1,0,1,0,-1.0,0.0
