{
  "total_trades": 39,
  "wins": 16,
  "losses": 23,
  "timeouts": 0,
  "win_rate": 41.02564102564102,
  "avg_r": -0.09743589743589745,
  "net_r": -3.8000000000000007,
  "buy_win_rate": 0.0,
  "sell_win_rate": 41.02564102564102
}