month,trades,wins,losses,timeouts,net_r,win_rate
2025-07,27,11,16,0,-2.8000000000000007,40.74074074074074
