{
  "total_trades": 27,
  "wins": 11,
  "losses": 16,
  "timeouts": 0,
  "win_rate": 40.74074074074074,
  "avg_r": -0.10370370370370373,
  "net_r": -2.8000000000000007,
  "buy_win_rate": 0.0,
  "sell_win_rate": 40.74074074074074
}