month,trades,wins,losses,timeouts,net_r,win_rate
2025-06,31,12,19,0,-4.6000000000000005,38.70967741935484
2025-07,24,11,13,0,0.1999999999999995,45.83333333333333
2025-08,26,12,14,0,0.39999999999999947,46.15384615384615
2025-09,4,2,2,0,0.3999999999999999,50.0
