month,trades,wins,losses,timeouts,net_r,win_rate
2025-06,16,7,9,0,-0.6000000000000003,43.75
2025-07,15,7,8,0,0.3999999999999997,46.666666666666664
2025-08,19,6,13,0,-5.800000000000001,31.57894736842105
2025-09,4,3,1,0,2.5999999999999996,75.0
