{
  "total_trades": 54,
  "wins": 23,
  "losses": 31,
  "timeouts": 0,
  "win_rate": 42.592592592592595,
  "avg_r": -0.06296296296296298,
  "net_r": -3.4000000000000012,
  "buy_win_rate": 0.0,
  "sell_win_rate": 42.592592592592595
}