{
  "total_trades": 52,
  "wins": 20,
  "losses": 32,
  "timeouts": 0,
  "win_rate": 38.46153846153847,
  "avg_r": -0.15384615384615385,
  "net_r": -8.0,
  "buy_win_rate": 29.629629629629626,
  "sell_win_rate": 48.0
}