month,trades,wins,losses,timeouts,net_r,win_rate
2025-06,6,6,0,0,7.199999999999999,100.0
2025-07,10,9,1,0,9.799999999999999,90.0
2025-08,5,2,3,0,-0.6000000000000001,40.0
2025-09,3,3,0,0,3.5999999999999996,100.0
