month,trades,wins,losses,timeouts,net_r,win_rate
2025-06,49,18,31,0,-9.4,36.734693877551024
2025-07,43,15,27,1,-9.0,34.883720930232556
2025-08,46,17,29,0,-8.600000000000001,36.95652173913043
2025-09,6,2,4,0,-1.6,33.33333333333333
