month,trades,wins,losses,timeouts,net_r,win_rate
2025-07,53,19,33,1,-10.200000000000001,35.84905660377358
