{
  "total_trades": 53,
  "wins": 19,
  "losses": 33,
  "timeouts": 1,
  "win_rate": 35.84905660377358,
  "avg_r": -0.19245283018867926,
  "net_r": -10.200000000000001,
  "buy_win_rate": 30.76923076923077,
  "sell_win_rate": 40.74074074074074
}