month,trades,wins,losses,timeouts,net_r,win_rate
2025-06,32,14,18,0,-1.2000000000000006,43.75
2025-07,35,12,21,2,-6.6000000000000005,34.285714285714285
2025-08,29,12,17,0,-2.6000000000000005,41.37931034482759
2025-09,10,4,4,2,0.7999999999999998,40.0
