month,trades,wins,losses,timeouts,net_r,win_rate
2025-06,16,11,5,0,8.2,68.75
2025-07,19,10,7,2,5.0,52.63157894736842
2025-08,14,3,11,0,-7.4,21.428571428571427
2025-09,7,4,1,2,3.8,57.14285714285714
