{
  "total_trades": 26,
  "wins": 13,
  "losses": 13,
  "timeouts": 0,
  "win_rate": 50.0,
  "avg_r": 0.09999999999999999,
  "net_r": 2.5999999999999996,
  "buy_win_rate": 0.0,
  "sell_win_rate": 50.0
}