month,trades,wins,losses,timeouts,net_r,win_rate
2025-06,31,11,20,0,-6.800000000000001,35.483870967741936
2025-07,20,10,10,0,1.9999999999999996,50.0
2025-08,23,10,13,0,-1.0000000000000004,43.47826086956522
2025-09,5,1,4,0,-2.8,20.0
