month,trades,wins,losses,timeouts,net_r,win_rate
2025-06,30,11,19,0,-5.800000000000001,36.666666666666664
2025-07,31,11,20,0,-6.800000000000001,35.483870967741936
2025-08,35,14,21,0,-4.200000000000001,40.0
2025-09,8,5,3,0,3.0,62.5
