{
  "total_trades": 4,
  "wins": 2,
  "losses": 2,
  "timeouts": 0,
  "win_rate": 50.0,
  "avg_r": 0.09999999999999998,
  "net_r": 0.3999999999999999,
  "buy_win_rate": 0.0,
  "sell_win_rate": 50.0
}